id,StopArrivalTime,BusArrivalTime,BusDepartureTime,StartStopId,EndStopId,BusType, Num Detours
9,420,420,461,S2,S3,Blue,0
14,420,420,461,S2,S3,Blue,0
2,420,420,458,S3,S2,Red,0
8,420,420,458,S3,S2,Red,0
13,420,420,458,S3,S2,Red,0
16,420,420,458,S3,S2,Red,0
21,420,420,458,S3,S2,Red,0
30,420,420,458,S3,S2,Red,0
32,420,420,458,S3,S2,Red,0
26,420,424,479,S2,S1,Red,0
43,420,424,479,S2,S1,Red,0
34,420,420,458,S3,S1,Red,0
3,420,424,479,S2,S3,Red,0
5,420,424,479,S2,S3,Red,0
12,420,424,479,S2,S3,Red,0
15,420,424,479,S2,S3,Red,0
44,420,424,479,S2,S3,Red,0
7,420,434,494,S1,S3,Red,0
10,420,434,494,S1,S3,Red,0
18,420,434,494,S1,S3,Red,0
25,420,434,494,S1,S3,Red,0
31,420,434,494,S1,S3,Red,0
33,420,434,494,S1,S3,Red,0
42,420,434,494,S1,S3,Red,0
46,420,434,494,S1,S3,Red,0
52,424,434,494,S1,S3,Red,0
54,424,434,494,S1,S3,Red,0
60,424,434,494,S1,S3,Red,0
73,429,434,494,S1,S3,Red,0
6,420,426,474,S3,S1,Blue,0
17,420,426,474,S3,S1,Blue,0
22,420,426,474,S3,S1,Blue,0
23,420,426,474,S3,S1,Blue,0
35,420,426,474,S3,S1,Blue,0
36,420,426,474,S3,S1,Blue,0
48,420,426,474,S3,S1,Blue,0
56,424,426,474,S3,S1,Blue,0
2,420,420,458,S3,S2,Red,0
8,420,420,458,S3,S2,Red,0
13,420,420,458,S3,S2,Red,0
16,420,420,458,S3,S2,Red,0
21,420,420,458,S3,S2,Red,0
30,420,420,458,S3,S2,Red,0
32,420,420,458,S3,S2,Red,0
34,420,420,458,S3,S1,Red,0
53,424,429,471,S2,S3,Red,0
63,426,429,471,S2,S3,Red,0
64,426,429,471,S2,S3,Red,0
84,434,441,483,S1,S3,Red,0
85,434,441,483,S1,S3,Red,0
86,434,441,483,S1,S3,Red,0
9,420,420,461,S2,S3,Blue,0
14,420,420,461,S2,S3,Blue,0
1,420,426,474,S3,S2,Blue,0
4,420,426,474,S3,S2,Blue,0
24,420,426,474,S3,S2,Blue,0
27,420,426,474,S3,S2,Blue,0
38,420,426,474,S3,S2,Blue,0
39,420,426,474,S3,S2,Blue,0
40,420,426,474,S3,S2,Blue,0
45,420,426,474,S3,S2,Blue,0
19,420,446,513,S1,S2,Blue,0
28,420,446,513,S1,S2,Blue,0
50,420,446,513,S1,S2,Blue,0
59,424,446,513,S1,S2,Blue,0
53,424,429,471,S2,S3,Red,0
63,426,429,471,S2,S3,Red,0
64,426,429,471,S2,S3,Red,0
107,446,458,498,S3,S2,Red,0
114,446,458,498,S3,S2,Red,0
1,420,426,474,S3,S2,Blue,0
4,420,426,474,S3,S2,Blue,0
6,420,426,474,S3,S1,Blue,0
17,420,426,474,S3,S1,Blue,0
22,420,426,474,S3,S1,Blue,0
23,420,426,474,S3,S1,Blue,0
24,420,426,474,S3,S2,Blue,0
27,420,426,474,S3,S2,Blue,0
35,420,426,474,S3,S1,Blue,0
36,420,426,474,S3,S1,Blue,0
38,420,426,474,S3,S2,Blue,0
39,420,426,474,S3,S2,Blue,0
40,420,426,474,S3,S2,Blue,0
45,420,426,474,S3,S2,Blue,0
48,420,426,474,S3,S1,Blue,0
56,424,426,474,S3,S1,Blue,0
11,420,446,513,S1,S3,Blue,0
20,420,446,513,S1,S3,Blue,0
29,420,446,513,S1,S3,Blue,0
37,420,446,513,S1,S3,Blue,0
47,420,446,513,S1,S3,Blue,0
49,420,446,513,S1,S3,Blue,0
75,429,446,513,S1,S3,Blue,0
79,429,446,513,S1,S3,Blue,0
58,424,461,537,S2,S3,Blue,0
112,446,461,537,S2,S3,Blue,0
116,446,461,537,S2,S3,Blue,0
124,458,461,537,S2,S3,Blue,0
3,420,424,479,S2,S3,Red,0
5,420,424,479,S2,S3,Red,0
12,420,424,479,S2,S3,Red,0
15,420,424,479,S2,S3,Red,0
26,420,424,479,S2,S1,Red,0
43,420,424,479,S2,S1,Red,0
44,420,424,479,S2,S3,Red,0
55,424,434,494,S1,S2,Red,0
57,424,446,517,S3,S2,Red,0
62,426,446,517,S3,S2,Red,0
68,426,446,517,S3,S2,Red,0
77,429,446,517,S3,S2,Red,0
78,429,446,517,S3,S2,Red,0
81,434,446,517,S3,S2,Red,0
91,441,446,517,S3,S2,Red,0
92,441,446,517,S3,S2,Red,0
100,441,446,517,S3,S2,Red,0
84,434,441,483,S1,S3,Red,0
85,434,441,483,S1,S3,Red,0
86,434,441,483,S1,S3,Red,0
103,446,458,498,S3,S1,Red,0
106,446,458,498,S3,S1,Red,0
109,446,458,498,S3,S1,Red,0
111,446,458,498,S3,S1,Red,0
115,446,458,498,S3,S1,Red,0
108,446,471,515,S2,S1,Red,0
113,446,471,515,S2,S1,Red,0
119,446,471,515,S2,S1,Red,0
7,420,434,494,S1,S3,Red,0
10,420,434,494,S1,S3,Red,0
18,420,434,494,S1,S3,Red,0
25,420,434,494,S1,S3,Red,0
31,420,434,494,S1,S3,Red,0
33,420,434,494,S1,S3,Red,0
42,420,434,494,S1,S3,Red,0
46,420,434,494,S1,S3,Red,0
52,424,434,494,S1,S3,Red,0
54,424,434,494,S1,S3,Red,0
55,424,434,494,S1,S2,Red,0
60,424,434,494,S1,S3,Red,0
73,429,434,494,S1,S3,Red,0
51,424,446,517,S3,S1,Red,0
65,426,446,517,S3,S1,Red,0
69,426,446,517,S3,S1,Red,0
80,429,446,517,S3,S1,Red,0
82,434,446,517,S3,S1,Red,0
90,434,446,517,S3,S1,Red,0
97,441,446,517,S3,S1,Red,0
98,441,446,517,S3,S1,Red,0
150,471,479,532,S2,S1,Red,0
151,474,479,532,S2,S1,Red,0
103,446,458,498,S3,S1,Red,0
106,446,458,498,S3,S1,Red,0
107,446,458,498,S3,S2,Red,0
109,446,458,498,S3,S1,Red,0
111,446,458,498,S3,S1,Red,0
114,446,458,498,S3,S2,Red,0
115,446,458,498,S3,S1,Red,0
72,429,471,515,S2,S3,Red,0
89,434,471,515,S2,S3,Red,0
121,458,471,515,S2,S3,Red,0
133,461,471,515,S2,S3,Red,0
95,441,483,540,S1,S3,Red,0
101,446,483,540,S1,S3,Red,0
105,446,483,540,S1,S3,Red,0
149,471,483,540,S1,S3,Red,0
152,474,483,540,S1,S3,Red,0
157,474,483,540,S1,S3,Red,0
159,474,483,540,S1,S3,Red,0
161,479,483,540,S1,S3,Red,0
164,479,483,540,S1,S3,Red,0
165,479,483,540,S1,S3,Red,0
169,479,483,540,S1,S3,Red,0
170,479,483,540,S1,S3,Red,0
11,420,446,513,S1,S3,Blue,0
19,420,446,513,S1,S2,Blue,0
20,420,446,513,S1,S3,Blue,0
28,420,446,513,S1,S2,Blue,0
29,420,446,513,S1,S3,Blue,0
37,420,446,513,S1,S3,Blue,0
47,420,446,513,S1,S3,Blue,0
49,420,446,513,S1,S3,Blue,0
50,420,446,513,S1,S2,Blue,0
59,424,446,513,S1,S2,Blue,0
75,429,446,513,S1,S3,Blue,0
79,429,446,513,S1,S3,Blue,0
41,420,461,537,S2,S1,Blue,0
66,426,461,537,S2,S1,Blue,0
120,446,461,537,S2,S1,Blue,0
61,426,474,550,S3,S1,Blue,0
67,426,474,550,S3,S1,Blue,0
70,426,474,550,S3,S1,Blue,0
71,429,474,550,S3,S1,Blue,0
74,429,474,550,S3,S1,Blue,0
76,429,474,550,S3,S1,Blue,0
83,434,474,550,S3,S1,Blue,0
102,446,474,550,S3,S1,Blue,0
104,446,474,550,S3,S1,Blue,0
122,458,474,550,S3,S1,Blue,0
127,458,474,550,S3,S1,Blue,0
128,458,474,550,S3,S1,Blue,0
130,458,474,550,S3,S1,Blue,0
134,461,474,550,S3,S1,Blue,0
136,461,474,550,S3,S1,Blue,0
138,461,474,550,S3,S1,Blue,0
146,471,474,550,S3,S1,Blue,0
147,471,474,550,S3,S1,Blue,0
148,471,474,550,S3,S1,Blue,0
72,429,471,515,S2,S3,Red,0
89,434,471,515,S2,S3,Red,0
108,446,471,515,S2,S1,Red,0
113,446,471,515,S2,S1,Red,0
119,446,471,515,S2,S1,Red,0
121,458,471,515,S2,S3,Red,0
133,461,471,515,S2,S3,Red,0
96,441,483,540,S1,S2,Red,0
110,446,483,540,S1,S2,Red,0
144,471,483,540,S1,S2,Red,0
123,458,498,592,S3,S2,Red,0
140,461,498,592,S3,S2,Red,0
153,474,498,592,S3,S2,Red,0
51,424,446,517,S3,S1,Red,0
57,424,446,517,S3,S2,Red,0
62,426,446,517,S3,S2,Red,0
65,426,446,517,S3,S1,Red,0
68,426,446,517,S3,S2,Red,0
69,426,446,517,S3,S1,Red,0
77,429,446,517,S3,S2,Red,0
78,429,446,517,S3,S2,Red,0
80,429,446,517,S3,S1,Red,0
81,434,446,517,S3,S2,Red,0
82,434,446,517,S3,S1,Red,0
90,434,446,517,S3,S1,Red,0
91,441,446,517,S3,S2,Red,0
92,441,446,517,S3,S2,Red,0
97,441,446,517,S3,S1,Red,0
98,441,446,517,S3,S1,Red,0
100,441,446,517,S3,S2,Red,0
145,471,479,532,S2,S3,Red,0
154,474,479,532,S2,S3,Red,0
177,483,494,551,S1,S3,Red,0
178,483,494,551,S1,S3,Red,0
145,471,479,532,S2,S3,Red,0
150,471,479,532,S2,S1,Red,0
151,474,479,532,S2,S1,Red,0
154,474,479,532,S2,S3,Red,0
204,513,517,579,S3,S2,Red,0
210,513,517,579,S3,S2,Red,0
218,515,517,579,S3,S2,Red,0
41,420,461,537,S2,S1,Blue,0
58,424,461,537,S2,S3,Blue,0
66,426,461,537,S2,S1,Blue,0
112,446,461,537,S2,S3,Blue,0
116,446,461,537,S2,S3,Blue,0
120,446,461,537,S2,S1,Blue,0
124,458,461,537,S2,S3,Blue,0
88,434,474,550,S3,S2,Blue,0
93,441,474,550,S3,S2,Blue,0
94,441,474,550,S3,S2,Blue,0
99,441,474,550,S3,S2,Blue,0
118,446,474,550,S3,S2,Blue,0
135,461,474,550,S3,S2,Blue,0
137,461,513,578,S1,S2,Blue,0
197,498,513,578,S1,S2,Blue,0
95,441,483,540,S1,S3,Red,0
96,441,483,540,S1,S2,Red,0
101,446,483,540,S1,S3,Red,0
105,446,483,540,S1,S3,Red,0
110,446,483,540,S1,S2,Red,0
144,471,483,540,S1,S2,Red,0
149,471,483,540,S1,S3,Red,0
152,474,483,540,S1,S3,Red,0
157,474,483,540,S1,S3,Red,0
159,474,483,540,S1,S3,Red,0
161,479,483,540,S1,S3,Red,0
164,479,483,540,S1,S3,Red,0
165,479,483,540,S1,S3,Red,0
169,479,483,540,S1,S3,Red,0
170,479,483,540,S1,S3,Red,0
126,458,498,592,S3,S1,Red,0
129,458,498,592,S3,S1,Red,0
139,461,498,592,S3,S1,Red,0
142,471,498,592,S3,S1,Red,0
143,471,498,592,S3,S1,Red,0
156,474,498,592,S3,S1,Red,0
158,474,498,592,S3,S1,Red,0
176,483,498,592,S3,S1,Red,0
179,483,498,592,S3,S1,Red,0
183,494,498,592,S3,S1,Red,0
162,479,515,611,S2,S1,Red,0
200,498,515,611,S2,S1,Red,0
61,426,474,550,S3,S1,Blue,0
67,426,474,550,S3,S1,Blue,0
70,426,474,550,S3,S1,Blue,0
71,429,474,550,S3,S1,Blue,0
74,429,474,550,S3,S1,Blue,0
76,429,474,550,S3,S1,Blue,0
83,434,474,550,S3,S1,Blue,0
88,434,474,550,S3,S2,Blue,0
93,441,474,550,S3,S2,Blue,0
94,441,474,550,S3,S2,Blue,0
99,441,474,550,S3,S2,Blue,0
102,446,474,550,S3,S1,Blue,0
104,446,474,550,S3,S1,Blue,0
118,446,474,550,S3,S2,Blue,0
122,458,474,550,S3,S1,Blue,0
127,458,474,550,S3,S1,Blue,0
128,458,474,550,S3,S1,Blue,0
130,458,474,550,S3,S1,Blue,0
134,461,474,550,S3,S1,Blue,0
135,461,474,550,S3,S2,Blue,0
136,461,474,550,S3,S1,Blue,0
138,461,474,550,S3,S1,Blue,0
146,471,474,550,S3,S1,Blue,0
147,471,474,550,S3,S1,Blue,0
148,471,474,550,S3,S1,Blue,0
87,434,513,578,S1,S3,Blue,0
117,446,513,578,S1,S3,Blue,0
125,458,513,578,S1,S3,Blue,0
131,461,513,578,S1,S3,Blue,0
132,461,513,578,S1,S3,Blue,0
141,471,513,578,S1,S3,Blue,0
167,479,513,578,S1,S3,Blue,0
171,483,513,578,S1,S3,Blue,0
172,483,513,578,S1,S3,Blue,0
175,483,513,578,S1,S3,Blue,0
188,494,513,578,S1,S3,Blue,0
189,494,513,578,S1,S3,Blue,0
193,498,513,578,S1,S3,Blue,0
195,498,513,578,S1,S3,Blue,0
180,483,537,602,S2,S3,Blue,0
196,498,537,602,S2,S3,Blue,0
219,515,537,602,S2,S3,Blue,0
235,532,537,602,S2,S3,Blue,0
177,483,494,551,S1,S3,Red,0
178,483,494,551,S1,S3,Red,0
191,498,517,579,S3,S1,Red,0
199,498,517,579,S3,S1,Red,0
206,513,517,579,S3,S1,Red,0
213,515,517,579,S3,S1,Red,0
87,434,513,578,S1,S3,Blue,0
117,446,513,578,S1,S3,Blue,0
125,458,513,578,S1,S3,Blue,0
131,461,513,578,S1,S3,Blue,0
132,461,513,578,S1,S3,Blue,0
137,461,513,578,S1,S2,Blue,0
141,471,513,578,S1,S3,Blue,0
167,479,513,578,S1,S3,Blue,0
171,483,513,578,S1,S3,Blue,0
172,483,513,578,S1,S3,Blue,0
175,483,513,578,S1,S3,Blue,0
188,494,513,578,S1,S3,Blue,0
189,494,513,578,S1,S3,Blue,0
193,498,513,578,S1,S3,Blue,0
195,498,513,578,S1,S3,Blue,0
197,498,513,578,S1,S2,Blue,0
186,494,537,602,S2,S1,Blue,0
223,517,537,602,S2,S1,Blue,0
155,474,550,617,S3,S1,Blue,0
166,479,550,617,S3,S1,Blue,0
168,479,550,617,S3,S1,Blue,0
173,483,550,617,S3,S1,Blue,0
184,494,550,617,S3,S1,Blue,0
190,494,550,617,S3,S1,Blue,0
208,513,550,617,S3,S1,Blue,0
211,515,550,617,S3,S1,Blue,0
212,515,550,617,S3,S1,Blue,0
215,515,550,617,S3,S1,Blue,0
216,515,550,617,S3,S1,Blue,0
221,517,550,617,S3,S1,Blue,0
227,517,550,617,S3,S1,Blue,0
233,532,550,617,S3,S1,Blue,0
237,532,550,617,S3,S1,Blue,0
240,532,550,617,S3,S1,Blue,0
242,537,550,617,S3,S1,Blue,0
251,540,550,617,S3,S1,Blue,0
260,540,550,617,S3,S1,Blue,0
191,498,517,579,S3,S1,Red,0
199,498,517,579,S3,S1,Red,0
204,513,517,579,S3,S2,Red,0
206,513,517,579,S3,S1,Red,0
210,513,517,579,S3,S2,Red,0
213,515,517,579,S3,S1,Red,0
218,515,517,579,S3,S2,Red,0
222,517,532,593,S2,S3,Red,0
123,458,498,592,S3,S2,Red,0
126,458,498,592,S3,S1,Red,0
129,458,498,592,S3,S1,Red,0
139,461,498,592,S3,S1,Red,0
140,461,498,592,S3,S2,Red,0
142,471,498,592,S3,S1,Red,0
143,471,498,592,S3,S1,Red,0
153,474,498,592,S3,S2,Red,0
156,474,498,592,S3,S1,Red,0
158,474,498,592,S3,S1,Red,0
176,483,498,592,S3,S1,Red,0
179,483,498,592,S3,S1,Red,0
183,494,498,592,S3,S1,Red,0
163,479,515,611,S2,S3,Red,0
174,483,515,611,S2,S3,Red,0
182,494,515,611,S2,S3,Red,0
207,513,515,611,S2,S3,Red,0
185,494,540,625,S1,S3,Red,0
192,498,540,625,S1,S3,Red,0
209,513,540,625,S1,S3,Red,0
217,515,540,625,S1,S3,Red,0
238,532,540,625,S1,S3,Red,0
222,517,532,593,S2,S3,Red,0
255,540,551,608,S1,S2,Red,0
224,517,579,666,S3,S2,Red,0
225,517,579,666,S3,S2,Red,0
229,517,579,666,S3,S2,Red,0
230,517,579,666,S3,S2,Red,0
246,537,579,666,S3,S2,Red,0
253,540,579,666,S3,S2,Red,0
254,540,579,666,S3,S2,Red,0
263,550,579,666,S3,S2,Red,0
180,483,537,602,S2,S3,Blue,0
186,494,537,602,S2,S1,Blue,0
196,498,537,602,S2,S3,Blue,0
219,515,537,602,S2,S3,Blue,0
223,517,537,602,S2,S1,Blue,0
235,532,537,602,S2,S3,Blue,0
160,474,550,617,S3,S2,Blue,0
187,494,550,617,S3,S2,Blue,0
194,498,550,617,S3,S2,Blue,0
198,498,550,617,S3,S2,Blue,0
201,513,550,617,S3,S2,Blue,0
214,515,550,617,S3,S2,Blue,0
243,537,550,617,S3,S2,Blue,0
220,515,578,651,S1,S2,Blue,0
245,537,578,651,S1,S2,Blue,0
250,537,578,651,S1,S2,Blue,0
255,540,551,608,S1,S2,Red,0
234,532,579,666,S3,S1,Red,0
249,537,579,666,S3,S1,Red,0
256,540,579,666,S3,S1,Red,0
258,540,579,666,S3,S1,Red,0
269,550,579,666,S3,S1,Red,0
272,551,579,666,S3,S1,Red,0
274,551,579,666,S3,S1,Red,0
278,551,579,666,S3,S1,Red,0
279,551,579,666,S3,S1,Red,0
241,537,593,692,S2,S1,Red,0
261,550,593,692,S2,S1,Red,0
285,578,593,692,S2,S1,Red,0
293,579,593,692,S2,S1,Red,0
162,479,515,611,S2,S1,Red,0
163,479,515,611,S2,S3,Red,0
174,483,515,611,S2,S3,Red,0
182,494,515,611,S2,S3,Red,0
200,498,515,611,S2,S1,Red,0
207,513,515,611,S2,S3,Red,0
181,494,540,625,S1,S2,Red,0
292,579,592,650,S3,S2,Red,0
296,579,592,650,S3,S2,Red,0
298,579,592,650,S3,S2,Red,0
155,474,550,617,S3,S1,Blue,0
160,474,550,617,S3,S2,Blue,0
166,479,550,617,S3,S1,Blue,0
168,479,550,617,S3,S1,Blue,0
173,483,550,617,S3,S1,Blue,0
184,494,550,617,S3,S1,Blue,0
187,494,550,617,S3,S2,Blue,0
190,494,550,617,S3,S1,Blue,0
194,498,550,617,S3,S2,Blue,0
198,498,550,617,S3,S2,Blue,0
201,513,550,617,S3,S2,Blue,0
208,513,550,617,S3,S1,Blue,0
211,515,550,617,S3,S1,Blue,0
212,515,550,617,S3,S1,Blue,0
214,515,550,617,S3,S2,Blue,0
215,515,550,617,S3,S1,Blue,0
216,515,550,617,S3,S1,Blue,0
221,517,550,617,S3,S1,Blue,0
227,517,550,617,S3,S1,Blue,0
233,532,550,617,S3,S1,Blue,0
237,532,550,617,S3,S1,Blue,0
240,532,550,617,S3,S1,Blue,0
242,537,550,617,S3,S1,Blue,0
243,537,550,617,S3,S2,Blue,0
251,540,550,617,S3,S1,Blue,0
260,540,550,617,S3,S1,Blue,0
202,513,578,651,S1,S3,Blue,0
203,513,578,651,S1,S3,Blue,0
205,513,578,651,S1,S3,Blue,0
226,517,578,651,S1,S3,Blue,0
228,517,578,651,S1,S3,Blue,0
231,532,578,651,S1,S3,Blue,0
236,532,578,651,S1,S3,Blue,0
239,532,578,651,S1,S3,Blue,0
244,537,578,651,S1,S3,Blue,0
248,537,578,651,S1,S3,Blue,0
252,540,578,651,S1,S3,Blue,0
259,540,578,651,S1,S3,Blue,0
266,550,578,651,S1,S3,Blue,0
264,550,602,679,S2,S3,Blue,0
281,578,602,679,S2,S3,Blue,0
181,494,540,625,S1,S2,Red,0
185,494,540,625,S1,S3,Red,0
192,498,540,625,S1,S3,Red,0
209,513,540,625,S1,S3,Red,0
217,515,540,625,S1,S3,Red,0
238,532,540,625,S1,S3,Red,0
299,579,592,650,S3,S1,Red,0
331,602,611,668,S2,S1,Red,0
292,579,592,650,S3,S2,Red,0
296,579,592,650,S3,S2,Red,0
298,579,592,650,S3,S2,Red,0
299,579,592,650,S3,S1,Red,0
314,593,611,668,S2,S3,Red,0
341,608,611,668,S2,S3,Red,0
338,608,625,686,S1,S3,Red,0
342,608,625,686,S1,S3,Red,0
345,608,625,686,S1,S3,Red,0
370,617,625,686,S1,S3,Red,0
373,617,625,686,S1,S3,Red,0
378,617,625,686,S1,S3,Red,0
202,513,578,651,S1,S3,Blue,0
203,513,578,651,S1,S3,Blue,0
205,513,578,651,S1,S3,Blue,0
220,515,578,651,S1,S2,Blue,0
226,517,578,651,S1,S3,Blue,0
228,517,578,651,S1,S3,Blue,0
231,532,578,651,S1,S3,Blue,0
236,532,578,651,S1,S3,Blue,0
239,532,578,651,S1,S3,Blue,0
244,537,578,651,S1,S3,Blue,0
245,537,578,651,S1,S2,Blue,0
248,537,578,651,S1,S3,Blue,0
250,537,578,651,S1,S2,Blue,0
252,540,578,651,S1,S3,Blue,0
259,540,578,651,S1,S3,Blue,0
266,550,578,651,S1,S3,Blue,0
257,540,602,679,S2,S1,Blue,0
289,578,602,679,S2,S1,Blue,0
267,550,617,699,S3,S1,Blue,0
268,550,617,699,S3,S1,Blue,0
271,551,617,699,S3,S1,Blue,0
273,551,617,699,S3,S1,Blue,0
275,551,617,699,S3,S1,Blue,0
276,551,617,699,S3,S1,Blue,0
277,551,617,699,S3,S1,Blue,0
280,551,617,699,S3,S1,Blue,0
283,578,617,699,S3,S1,Blue,0
288,578,617,699,S3,S1,Blue,0
294,579,617,699,S3,S1,Blue,0
295,579,617,699,S3,S1,Blue,0
306,592,617,699,S3,S1,Blue,0
310,592,617,699,S3,S1,Blue,0
319,593,617,699,S3,S1,Blue,0
323,602,617,699,S3,S1,Blue,0
329,602,617,699,S3,S1,Blue,0
332,602,617,699,S3,S1,Blue,0
334,602,617,699,S3,S1,Blue,0
339,608,617,699,S3,S1,Blue,0
351,611,617,699,S3,S1,Blue,0
353,611,617,699,S3,S1,Blue,0
355,611,617,699,S3,S1,Blue,0
359,611,617,699,S3,S1,Blue,0
224,517,579,666,S3,S2,Red,0
225,517,579,666,S3,S2,Red,0
229,517,579,666,S3,S2,Red,0
230,517,579,666,S3,S2,Red,0
234,532,579,666,S3,S1,Red,0
246,537,579,666,S3,S2,Red,0
249,537,579,666,S3,S1,Red,0
253,540,579,666,S3,S2,Red,0
254,540,579,666,S3,S2,Red,0
256,540,579,666,S3,S1,Red,0
258,540,579,666,S3,S1,Red,0
263,550,579,666,S3,S2,Red,0
269,550,579,666,S3,S1,Red,0
272,551,579,666,S3,S1,Red,0
274,551,579,666,S3,S1,Red,0
278,551,579,666,S3,S1,Red,0
279,551,579,666,S3,S1,Red,0
232,532,593,692,S2,S3,Red,0
247,537,593,692,S2,S3,Red,0
265,550,593,692,S2,S3,Red,0
287,578,593,692,S2,S3,Red,0
291,579,593,692,S2,S3,Red,0
300,579,593,692,S2,S3,Red,0
301,592,593,692,S2,S3,Red,0
308,592,593,692,S2,S3,Red,0
290,578,608,709,S1,S3,Red,0
305,592,608,709,S1,S3,Red,0
307,592,608,709,S1,S3,Red,0
333,602,608,709,S1,S3,Red,0
314,593,611,668,S2,S3,Red,0
331,602,611,668,S2,S1,Red,0
341,608,611,668,S2,S3,Red,0
336,608,625,686,S1,S2,Red,0
318,593,650,757,S3,S2,Red,0
321,602,650,757,S3,S2,Red,0
326,602,650,757,S3,S2,Red,0
327,602,650,757,S3,S2,Red,0
337,608,650,757,S3,S2,Red,0
352,611,650,757,S3,S2,Red,0
360,611,650,757,S3,S2,Red,0
363,611,650,757,S3,S2,Red,0
371,617,650,757,S3,S2,Red,0
375,617,650,757,S3,S2,Red,0
376,617,650,757,S3,S2,Red,0
381,625,650,757,S3,S2,Red,0
391,625,650,757,S3,S2,Red,0
257,540,602,679,S2,S1,Blue,0
264,550,602,679,S2,S3,Blue,0
281,578,602,679,S2,S3,Blue,0
289,578,602,679,S2,S1,Blue,0
262,550,617,699,S3,S2,Blue,0
270,550,617,699,S3,S2,Blue,0
284,578,617,699,S3,S2,Blue,0
304,592,617,699,S3,S2,Blue,0
312,593,617,699,S3,S2,Blue,0
316,593,617,699,S3,S2,Blue,0
317,593,617,699,S3,S2,Blue,0
324,602,617,699,S3,S2,Blue,0
330,602,617,699,S3,S2,Blue,0
348,608,617,699,S3,S2,Blue,0
349,608,617,699,S3,S2,Blue,0
350,608,617,699,S3,S2,Blue,0
356,611,617,699,S3,S2,Blue,0
357,611,617,699,S3,S2,Blue,0
365,611,617,699,S3,S2,Blue,0
315,593,651,739,S1,S2,Blue,0
344,608,651,739,S1,S2,Blue,0
386,625,651,739,S1,S2,Blue,0
401,650,651,739,S1,S2,Blue,0
336,608,625,686,S1,S2,Red,0
338,608,625,686,S1,S3,Red,0
342,608,625,686,S1,S3,Red,0
345,608,625,686,S1,S3,Red,0
370,617,625,686,S1,S3,Red,0
373,617,625,686,S1,S3,Red,0
378,617,625,686,S1,S3,Red,0
303,592,650,757,S3,S1,Red,0
328,602,650,757,S3,S1,Red,0
343,608,650,757,S3,S1,Red,0
369,617,650,757,S3,S1,Red,0
372,617,650,757,S3,S1,Red,0
384,625,650,757,S3,S1,Red,0
393,625,650,757,S3,S1,Red,0
394,625,650,757,S3,S1,Red,0
361,611,668,785,S2,S1,Red,0
418,651,668,785,S2,S1,Red,0
437,666,668,785,S2,S1,Red,0
232,532,593,692,S2,S3,Red,0
241,537,593,692,S2,S1,Red,0
247,537,593,692,S2,S3,Red,0
261,550,593,692,S2,S1,Red,0
265,550,593,692,S2,S3,Red,0
285,578,593,692,S2,S1,Red,0
287,578,593,692,S2,S3,Red,0
291,579,593,692,S2,S3,Red,0
293,579,593,692,S2,S1,Red,0
300,579,593,692,S2,S3,Red,0
301,592,593,692,S2,S3,Red,0
308,592,593,692,S2,S3,Red,0
297,579,608,709,S1,S2,Red,0
313,593,608,709,S1,S2,Red,0
320,593,608,709,S1,S2,Red,0
408,650,666,738,S3,S2,Red,0
411,651,666,738,S3,S2,Red,0
262,550,617,699,S3,S2,Blue,0
267,550,617,699,S3,S1,Blue,0
268,550,617,699,S3,S1,Blue,0
270,550,617,699,S3,S2,Blue,0
271,551,617,699,S3,S1,Blue,0
273,551,617,699,S3,S1,Blue,0
275,551,617,699,S3,S1,Blue,0
276,551,617,699,S3,S1,Blue,0
277,551,617,699,S3,S1,Blue,0
280,551,617,699,S3,S1,Blue,0
283,578,617,699,S3,S1,Blue,0
284,578,617,699,S3,S2,Blue,0
288,578,617,699,S3,S1,Blue,0
294,579,617,699,S3,S1,Blue,0
295,579,617,699,S3,S1,Blue,0
304,592,617,699,S3,S2,Blue,0
306,592,617,699,S3,S1,Blue,0
310,592,617,699,S3,S1,Blue,0
312,593,617,699,S3,S2,Blue,0
316,593,617,699,S3,S2,Blue,0
317,593,617,699,S3,S2,Blue,0
319,593,617,699,S3,S1,Blue,0
323,602,617,699,S3,S1,Blue,0
324,602,617,699,S3,S2,Blue,0
329,602,617,699,S3,S1,Blue,0
330,602,617,699,S3,S2,Blue,0
332,602,617,699,S3,S1,Blue,0
334,602,617,699,S3,S1,Blue,0
339,608,617,699,S3,S1,Blue,0
348,608,617,699,S3,S2,Blue,0
349,608,617,699,S3,S2,Blue,0
350,608,617,699,S3,S2,Blue,0
351,611,617,699,S3,S1,Blue,0
353,611,617,699,S3,S1,Blue,0
355,611,617,699,S3,S1,Blue,0
356,611,617,699,S3,S2,Blue,0
357,611,617,699,S3,S2,Blue,0
359,611,617,699,S3,S1,Blue,0
365,611,617,699,S3,S2,Blue,0
282,578,651,739,S1,S3,Blue,0
286,578,651,739,S1,S3,Blue,0
302,592,651,739,S1,S3,Blue,0
309,592,651,739,S1,S3,Blue,0
311,593,651,739,S1,S3,Blue,0
347,608,651,739,S1,S3,Blue,0
362,611,651,739,S1,S3,Blue,0
364,611,651,739,S1,S3,Blue,0
367,617,651,739,S1,S3,Blue,0
380,617,651,739,S1,S3,Blue,0
388,625,651,739,S1,S3,Blue,0
325,602,679,769,S2,S3,Blue,0
340,608,679,769,S2,S3,Blue,0
346,608,679,769,S2,S3,Blue,0
354,611,679,769,S2,S3,Blue,0
358,611,679,769,S2,S3,Blue,0
379,617,679,769,S2,S3,Blue,0
385,625,679,769,S2,S3,Blue,0
400,650,679,769,S2,S3,Blue,0
426,666,679,769,S2,S3,Blue,0
434,666,679,769,S2,S3,Blue,0
440,666,679,769,S2,S3,Blue,0
447,668,679,769,S2,S3,Blue,0
290,578,608,709,S1,S3,Red,0
297,579,608,709,S1,S2,Red,0
305,592,608,709,S1,S3,Red,0
307,592,608,709,S1,S3,Red,0
313,593,608,709,S1,S2,Red,0
320,593,608,709,S1,S2,Red,0
333,602,608,709,S1,S3,Red,0
402,650,666,738,S3,S1,Red,0
403,650,666,738,S3,S1,Red,0
409,650,666,738,S3,S1,Red,0
481,686,692,759,S2,S1,Red,0
402,650,666,738,S3,S1,Red,0
403,650,666,738,S3,S1,Red,0
408,650,666,738,S3,S2,Red,0
409,650,666,738,S3,S1,Red,0
411,651,666,738,S3,S2,Red,0
464,679,692,759,S2,S3,Red,0
475,686,692,759,S2,S3,Red,0
492,692,709,776,S1,S3,Red,0
494,692,709,776,S1,S3,Red,0
495,692,709,776,S1,S3,Red,0
502,699,709,776,S1,S3,Red,0
505,699,709,776,S1,S3,Red,0
508,699,709,776,S1,S3,Red,0
282,578,651,739,S1,S3,Blue,0
286,578,651,739,S1,S3,Blue,0
302,592,651,739,S1,S3,Blue,0
309,592,651,739,S1,S3,Blue,0
311,593,651,739,S1,S3,Blue,0
315,593,651,739,S1,S2,Blue,0
344,608,651,739,S1,S2,Blue,0
347,608,651,739,S1,S3,Blue,0
362,611,651,739,S1,S3,Blue,0
364,611,651,739,S1,S3,Blue,0
367,617,651,739,S1,S3,Blue,0
380,617,651,739,S1,S3,Blue,0
386,625,651,739,S1,S2,Blue,0
388,625,651,739,S1,S3,Blue,0
401,650,651,739,S1,S2,Blue,0
322,602,679,769,S2,S1,Blue,0
335,602,679,769,S2,S1,Blue,0
382,625,679,769,S2,S1,Blue,0
416,651,679,769,S2,S1,Blue,0
366,617,699,791,S3,S1,Blue,0
368,617,699,791,S3,S1,Blue,0
383,625,699,791,S3,S1,Blue,0
389,625,699,791,S3,S1,Blue,0
392,625,699,791,S3,S1,Blue,0
395,625,699,791,S3,S1,Blue,0
405,650,699,791,S3,S1,Blue,0
407,650,699,791,S3,S1,Blue,0
429,666,699,791,S3,S1,Blue,0
431,666,699,791,S3,S1,Blue,0
449,668,699,791,S3,S1,Blue,0
451,668,699,791,S3,S1,Blue,0
452,668,699,791,S3,S1,Blue,0
453,668,699,791,S3,S1,Blue,0
456,679,699,791,S3,S1,Blue,0
459,679,699,791,S3,S1,Blue,0
462,679,699,791,S3,S1,Blue,0
463,679,699,791,S3,S1,Blue,0
469,679,699,791,S3,S1,Blue,0
476,686,699,791,S3,S1,Blue,0
482,686,699,791,S3,S1,Blue,0
486,692,699,791,S3,S1,Blue,0
489,692,699,791,S3,S1,Blue,0
491,692,699,791,S3,S1,Blue,0
493,692,699,791,S3,S1,Blue,0
497,692,699,791,S3,S1,Blue,0
303,592,650,757,S3,S1,Red,0
318,593,650,757,S3,S2,Red,0
321,602,650,757,S3,S2,Red,0
326,602,650,757,S3,S2,Red,0
327,602,650,757,S3,S2,Red,0
328,602,650,757,S3,S1,Red,0
337,608,650,757,S3,S2,Red,0
343,608,650,757,S3,S1,Red,0
352,611,650,757,S3,S2,Red,0
360,611,650,757,S3,S2,Red,0
363,611,650,757,S3,S2,Red,0
369,617,650,757,S3,S1,Red,0
371,617,650,757,S3,S2,Red,0
372,617,650,757,S3,S1,Red,0
375,617,650,757,S3,S2,Red,0
376,617,650,757,S3,S2,Red,0
381,625,650,757,S3,S2,Red,0
384,625,650,757,S3,S1,Red,0
391,625,650,757,S3,S2,Red,0
393,625,650,757,S3,S1,Red,0
394,625,650,757,S3,S1,Red,0
374,617,668,785,S2,S3,Red,0
387,625,668,785,S2,S3,Red,0
397,650,668,785,S2,S3,Red,0
398,650,668,785,S2,S3,Red,0
390,625,686,801,S1,S3,Red,0
399,650,686,801,S1,S3,Red,0
410,650,686,801,S1,S3,Red,0
432,666,686,801,S1,S3,Red,0
441,668,686,801,S1,S3,Red,0
457,679,686,801,S1,S3,Red,0
465,679,686,801,S1,S3,Red,0
464,679,692,759,S2,S3,Red,0
475,686,692,759,S2,S3,Red,0
481,686,692,759,S2,S1,Red,0
428,666,738,844,S3,S2,Red,0
444,668,738,844,S3,S2,Red,0
445,668,738,844,S3,S2,Red,0
471,686,738,844,S3,S2,Red,0
472,686,738,844,S3,S2,Red,0
483,686,738,844,S3,S2,Red,0
484,686,738,844,S3,S2,Red,0
498,692,738,844,S3,S2,Red,0
499,692,738,844,S3,S2,Red,0
501,699,738,844,S3,S2,Red,0
507,699,738,844,S3,S2,Red,0
528,709,738,844,S3,S2,Red,0
529,709,738,844,S3,S2,Red,0
322,602,679,769,S2,S1,Blue,0
325,602,679,769,S2,S3,Blue,0
335,602,679,769,S2,S1,Blue,0
340,608,679,769,S2,S3,Blue,0
346,608,679,769,S2,S3,Blue,0
354,611,679,769,S2,S3,Blue,0
358,611,679,769,S2,S3,Blue,0
379,617,679,769,S2,S3,Blue,0
382,625,679,769,S2,S1,Blue,0
385,625,679,769,S2,S3,Blue,0
400,650,679,769,S2,S3,Blue,0
416,651,679,769,S2,S1,Blue,0
426,666,679,769,S2,S3,Blue,0
434,666,679,769,S2,S3,Blue,0
440,666,679,769,S2,S3,Blue,0
447,668,679,769,S2,S3,Blue,0
377,617,699,791,S3,S2,Blue,0
396,650,699,791,S3,S2,Blue,0
404,650,699,791,S3,S2,Blue,0
406,650,699,791,S3,S2,Blue,0
413,651,699,791,S3,S2,Blue,0
414,651,699,791,S3,S2,Blue,0
417,651,699,791,S3,S2,Blue,0
419,651,699,791,S3,S2,Blue,0
421,651,699,791,S3,S2,Blue,0
425,651,699,791,S3,S2,Blue,0
427,666,699,791,S3,S2,Blue,0
430,666,699,791,S3,S2,Blue,0
439,666,699,791,S3,S2,Blue,0
485,686,699,791,S3,S2,Blue,0
488,692,699,791,S3,S2,Blue,0
412,651,739,828,S1,S2,Blue,0
422,651,739,828,S1,S2,Blue,0
446,668,739,828,S1,S2,Blue,0
467,679,739,828,S1,S2,Blue,0
477,686,739,828,S1,S2,Blue,0
492,692,709,776,S1,S3,Red,0
494,692,709,776,S1,S3,Red,0
495,692,709,776,S1,S3,Red,0
502,699,709,776,S1,S3,Red,0
505,699,709,776,S1,S3,Red,0
508,699,709,776,S1,S3,Red,0
433,666,738,844,S3,S1,Red,0
435,666,738,844,S3,S1,Red,0
450,668,738,844,S3,S1,Red,0
455,668,738,844,S3,S1,Red,0
461,679,738,844,S3,S1,Red,0
466,679,738,844,S3,S1,Red,0
474,686,738,844,S3,S1,Red,0
479,686,738,844,S3,S1,Red,0
490,692,738,844,S3,S1,Red,0
506,699,738,844,S3,S1,Red,0
510,699,738,844,S3,S1,Red,0
511,699,738,844,S3,S1,Red,0
517,709,738,844,S3,S1,Red,0
520,709,738,844,S3,S1,Red,0
530,709,738,844,S3,S1,Red,0
544,739,759,866,S2,S1,Red,0
361,611,668,785,S2,S1,Red,0
374,617,668,785,S2,S3,Red,0
387,625,668,785,S2,S3,Red,0
397,650,668,785,S2,S3,Red,0
398,650,668,785,S2,S3,Red,0
418,651,668,785,S2,S1,Red,0
437,666,668,785,S2,S1,Red,0
424,651,686,801,S1,S2,Red,0
438,666,686,801,S1,S2,Red,0
443,668,686,801,S1,S2,Red,0
454,668,686,801,S1,S2,Red,0
460,679,686,801,S1,S2,Red,0
535,738,757,827,S3,S2,Red,0
540,738,757,827,S3,S2,Red,0
545,739,757,827,S3,S2,Red,0
547,739,757,827,S3,S2,Red,0
548,739,757,827,S3,S2,Red,0
366,617,699,791,S3,S1,Blue,0
368,617,699,791,S3,S1,Blue,0
377,617,699,791,S3,S2,Blue,0
383,625,699,791,S3,S1,Blue,0
389,625,699,791,S3,S1,Blue,0
392,625,699,791,S3,S1,Blue,0
395,625,699,791,S3,S1,Blue,0
396,650,699,791,S3,S2,Blue,0
404,650,699,791,S3,S2,Blue,0
405,650,699,791,S3,S1,Blue,0
406,650,699,791,S3,S2,Blue,0
407,650,699,791,S3,S1,Blue,0
413,651,699,791,S3,S2,Blue,0
414,651,699,791,S3,S2,Blue,0
417,651,699,791,S3,S2,Blue,0
419,651,699,791,S3,S2,Blue,0
421,651,699,791,S3,S2,Blue,0
425,651,699,791,S3,S2,Blue,0
427,666,699,791,S3,S2,Blue,0
429,666,699,791,S3,S1,Blue,0
430,666,699,791,S3,S2,Blue,0
431,666,699,791,S3,S1,Blue,0
439,666,699,791,S3,S2,Blue,0
449,668,699,791,S3,S1,Blue,0
451,668,699,791,S3,S1,Blue,0
452,668,699,791,S3,S1,Blue,0
453,668,699,791,S3,S1,Blue,0
456,679,699,791,S3,S1,Blue,0
459,679,699,791,S3,S1,Blue,0
462,679,699,791,S3,S1,Blue,0
463,679,699,791,S3,S1,Blue,0
469,679,699,791,S3,S1,Blue,0
476,686,699,791,S3,S1,Blue,0
482,686,699,791,S3,S1,Blue,0
485,686,699,791,S3,S2,Blue,0
486,692,699,791,S3,S1,Blue,0
488,692,699,791,S3,S2,Blue,0
489,692,699,791,S3,S1,Blue,0
491,692,699,791,S3,S1,Blue,0
493,692,699,791,S3,S1,Blue,0
497,692,699,791,S3,S1,Blue,0
415,651,739,828,S1,S3,Blue,0
420,651,739,828,S1,S3,Blue,0
423,651,739,828,S1,S3,Blue,0
436,666,739,828,S1,S3,Blue,0
442,668,739,828,S1,S3,Blue,0
448,668,739,828,S1,S3,Blue,0
458,679,739,828,S1,S3,Blue,0
468,679,739,828,S1,S3,Blue,0
480,686,739,828,S1,S3,Blue,0
496,692,739,828,S1,S3,Blue,0
509,699,739,828,S1,S3,Blue,0
513,699,739,828,S1,S3,Blue,0
514,699,739,828,S1,S3,Blue,0
521,709,739,828,S1,S3,Blue,0
538,738,739,828,S1,S3,Blue,0
470,679,769,855,S2,S3,Blue,0
487,692,769,855,S2,S3,Blue,0
500,692,769,855,S2,S3,Blue,0
518,709,769,855,S2,S3,Blue,0
552,757,769,855,S2,S3,Blue,0
565,759,769,855,S2,S3,Blue,0
390,625,686,801,S1,S3,Red,0
399,650,686,801,S1,S3,Red,0
410,650,686,801,S1,S3,Red,0
424,651,686,801,S1,S2,Red,0
432,666,686,801,S1,S3,Red,0
438,666,686,801,S1,S2,Red,0
441,668,686,801,S1,S3,Red,0
443,668,686,801,S1,S2,Red,0
454,668,686,801,S1,S2,Red,0
457,679,686,801,S1,S3,Red,0
460,679,686,801,S1,S2,Red,0
465,679,686,801,S1,S3,Red,0
532,738,757,827,S3,S1,Red,0
533,738,757,827,S3,S1,Red,0
543,739,757,827,S3,S1,Red,0
549,739,757,827,S3,S1,Red,0
583,776,785,845,S2,S1,Red,0
532,738,757,827,S3,S1,Red,0
533,738,757,827,S3,S1,Red,0
535,738,757,827,S3,S2,Red,0
540,738,757,827,S3,S2,Red,0
543,739,757,827,S3,S1,Red,0
545,739,757,827,S3,S2,Red,0
547,739,757,827,S3,S2,Red,0
548,739,757,827,S3,S2,Red,0
549,739,757,827,S3,S1,Red,0
595,785,801,859,S1,S3,Red,0
598,785,801,859,S1,S3,Red,0
412,651,739,828,S1,S2,Blue,0
415,651,739,828,S1,S3,Blue,0
420,651,739,828,S1,S3,Blue,0
422,651,739,828,S1,S2,Blue,0
423,651,739,828,S1,S3,Blue,0
436,666,739,828,S1,S3,Blue,0
442,668,739,828,S1,S3,Blue,0
446,668,739,828,S1,S2,Blue,0
448,668,739,828,S1,S3,Blue,0
458,679,739,828,S1,S3,Blue,0
467,679,739,828,S1,S2,Blue,0
468,679,739,828,S1,S3,Blue,0
477,686,739,828,S1,S2,Blue,0
480,686,739,828,S1,S3,Blue,0
496,692,739,828,S1,S3,Blue,0
509,699,739,828,S1,S3,Blue,0
513,699,739,828,S1,S3,Blue,0
514,699,739,828,S1,S3,Blue,0
521,709,739,828,S1,S3,Blue,0
538,738,739,828,S1,S3,Blue,0
473,686,769,855,S2,S1,Blue,0
478,686,769,855,S2,S1,Blue,0
537,738,769,855,S2,S1,Blue,0
512,699,791,869,S3,S1,Blue,0
515,699,791,869,S3,S1,Blue,0
516,709,791,869,S3,S1,Blue,0
519,709,791,869,S3,S1,Blue,0
522,709,791,869,S3,S1,Blue,0
526,709,791,869,S3,S1,Blue,0
531,738,791,869,S3,S1,Blue,0
539,738,791,869,S3,S1,Blue,0
546,739,791,869,S3,S1,Blue,0
550,739,791,869,S3,S1,Blue,0
555,757,791,869,S3,S1,Blue,0
574,769,791,869,S3,S1,Blue,0
575,769,791,869,S3,S1,Blue,0
578,769,791,869,S3,S1,Blue,0
580,769,791,869,S3,S1,Blue,0
581,776,791,869,S3,S1,Blue,0
590,776,791,869,S3,S1,Blue,0
591,785,791,869,S3,S1,Blue,0
593,785,791,869,S3,S1,Blue,0
428,666,738,844,S3,S2,Red,0
433,666,738,844,S3,S1,Red,0
435,666,738,844,S3,S1,Red,0
444,668,738,844,S3,S2,Red,0
445,668,738,844,S3,S2,Red,0
450,668,738,844,S3,S1,Red,0
455,668,738,844,S3,S1,Red,0
461,679,738,844,S3,S1,Red,0
466,679,738,844,S3,S1,Red,0
471,686,738,844,S3,S2,Red,0
472,686,738,844,S3,S2,Red,0
474,686,738,844,S3,S1,Red,0
479,686,738,844,S3,S1,Red,0
483,686,738,844,S3,S2,Red,0
484,686,738,844,S3,S2,Red,0
490,692,738,844,S3,S1,Red,0
498,692,738,844,S3,S2,Red,0
499,692,738,844,S3,S2,Red,0
501,699,738,844,S3,S2,Red,0
506,699,738,844,S3,S1,Red,0
507,699,738,844,S3,S2,Red,0
510,699,738,844,S3,S1,Red,0
511,699,738,844,S3,S1,Red,0
517,709,738,844,S3,S1,Red,0
520,709,738,844,S3,S1,Red,0
528,709,738,844,S3,S2,Red,0
529,709,738,844,S3,S2,Red,0
530,709,738,844,S3,S1,Red,0
503,699,759,866,S2,S3,Red,0
523,709,759,866,S2,S3,Red,0
527,709,759,866,S2,S3,Red,0
536,738,759,866,S2,S3,Red,0
560,757,759,866,S2,S3,Red,0
524,709,776,879,S1,S3,Red,0
525,709,776,879,S1,S3,Red,0
534,738,776,879,S1,S3,Red,0
572,769,776,879,S1,S3,Red,0
583,776,785,845,S2,S1,Red,0
564,759,827,916,S3,S2,Red,0
566,759,827,916,S3,S2,Red,0
568,759,827,916,S3,S2,Red,0
573,769,827,916,S3,S2,Red,0
596,785,827,916,S3,S2,Red,0
618,801,827,916,S3,S2,Red,0
470,679,769,855,S2,S3,Blue,0
473,686,769,855,S2,S1,Blue,0
478,686,769,855,S2,S1,Blue,0
487,692,769,855,S2,S3,Blue,0
500,692,769,855,S2,S3,Blue,0
518,709,769,855,S2,S3,Blue,0
537,738,769,855,S2,S1,Blue,0
552,757,769,855,S2,S3,Blue,0
565,759,769,855,S2,S3,Blue,0
504,699,791,869,S3,S2,Blue,0
541,739,791,869,S3,S2,Blue,0
554,757,791,869,S3,S2,Blue,0
557,757,791,869,S3,S2,Blue,0
559,757,791,869,S3,S2,Blue,0
569,759,791,869,S3,S2,Blue,0
576,769,791,869,S3,S2,Blue,0
579,769,791,869,S3,S2,Blue,0
592,785,791,869,S3,S2,Blue,0
594,785,791,869,S3,S2,Blue,0
605,791,828,898,S1,S2,Blue,0
595,785,801,859,S1,S3,Red,0
598,785,801,859,S1,S3,Red,0
553,757,827,916,S3,S1,Red,0
558,757,827,916,S3,S1,Red,0
563,759,827,916,S3,S1,Red,0
567,759,827,916,S3,S1,Red,0
570,759,827,916,S3,S1,Red,0
584,776,827,916,S3,S1,Red,0
587,776,827,916,S3,S1,Red,0
601,791,827,916,S3,S1,Red,0
602,791,827,916,S3,S1,Red,0
603,791,827,916,S3,S1,Red,0
609,791,827,916,S3,S1,Red,0
614,801,827,916,S3,S1,Red,0
620,801,827,916,S3,S1,Red,0
599,785,845,939,S2,S1,Red,0
604,791,845,939,S2,S1,Red,0
641,844,845,939,S2,S1,Red,0
503,699,759,866,S2,S3,Red,0
523,709,759,866,S2,S3,Red,0
527,709,759,866,S2,S3,Red,0
536,738,759,866,S2,S3,Red,0
544,739,759,866,S2,S1,Red,0
560,757,759,866,S2,S3,Red,0
626,827,844,901,S3,S2,Red,0
628,827,844,901,S3,S2,Red,0
629,827,844,901,S3,S2,Red,0
630,827,844,901,S3,S2,Red,0
504,699,791,869,S3,S2,Blue,0
512,699,791,869,S3,S1,Blue,0
515,699,791,869,S3,S1,Blue,0
516,709,791,869,S3,S1,Blue,0
519,709,791,869,S3,S1,Blue,0
522,709,791,869,S3,S1,Blue,0
526,709,791,869,S3,S1,Blue,0
531,738,791,869,S3,S1,Blue,0
539,738,791,869,S3,S1,Blue,0
541,739,791,869,S3,S2,Blue,0
546,739,791,869,S3,S1,Blue,0
550,739,791,869,S3,S1,Blue,0
554,757,791,869,S3,S2,Blue,0
555,757,791,869,S3,S1,Blue,0
557,757,791,869,S3,S2,Blue,0
559,757,791,869,S3,S2,Blue,0
569,759,791,869,S3,S2,Blue,0
574,769,791,869,S3,S1,Blue,0
575,769,791,869,S3,S1,Blue,0
576,769,791,869,S3,S2,Blue,0
578,769,791,869,S3,S1,Blue,0
579,769,791,869,S3,S2,Blue,0
580,769,791,869,S3,S1,Blue,0
581,776,791,869,S3,S1,Blue,0
590,776,791,869,S3,S1,Blue,0
591,785,791,869,S3,S1,Blue,0
592,785,791,869,S3,S2,Blue,0
593,785,791,869,S3,S1,Blue,0
594,785,791,869,S3,S2,Blue,0
542,739,828,898,S1,S3,Blue,0
551,757,828,898,S1,S3,Blue,0
556,757,828,898,S1,S3,Blue,0
561,759,828,898,S1,S3,Blue,0
562,759,828,898,S1,S3,Blue,0
571,769,828,898,S1,S3,Blue,0
577,769,828,898,S1,S3,Blue,0
585,776,828,898,S1,S3,Blue,0
589,776,828,898,S1,S3,Blue,0
597,785,828,898,S1,S3,Blue,0
600,785,828,898,S1,S3,Blue,0
607,791,828,898,S1,S3,Blue,0
612,801,828,898,S1,S3,Blue,0
615,801,828,898,S1,S3,Blue,0
625,827,828,898,S1,S3,Blue,0
586,776,855,930,S2,S3,Blue,0
588,776,855,930,S2,S3,Blue,0
659,845,855,930,S2,S3,Blue,0
524,709,776,879,S1,S3,Red,0
525,709,776,879,S1,S3,Red,0
534,738,776,879,S1,S3,Red,0
572,769,776,879,S1,S3,Red,0
622,827,844,901,S3,S1,Red,0
633,828,844,901,S3,S1,Red,0
634,828,844,901,S3,S1,Red,0
637,828,844,901,S3,S1,Red,0
639,828,844,901,S3,S1,Red,0
640,828,844,901,S3,S1,Red,0
662,855,866,917,S2,S1,Red,0
542,739,828,898,S1,S3,Blue,0
551,757,828,898,S1,S3,Blue,0
556,757,828,898,S1,S3,Blue,0
561,759,828,898,S1,S3,Blue,0
562,759,828,898,S1,S3,Blue,0
571,769,828,898,S1,S3,Blue,0
577,769,828,898,S1,S3,Blue,0
585,776,828,898,S1,S3,Blue,0
589,776,828,898,S1,S3,Blue,0
597,785,828,898,S1,S3,Blue,0
600,785,828,898,S1,S3,Blue,0
605,791,828,898,S1,S2,Blue,0
607,791,828,898,S1,S3,Blue,0
612,801,828,898,S1,S3,Blue,0
615,801,828,898,S1,S3,Blue,0
625,827,828,898,S1,S3,Blue,0
582,776,855,930,S2,S1,Blue,0
658,845,855,930,S2,S1,Blue,0
610,791,869,944,S3,S1,Blue,0
611,801,869,944,S3,S1,Blue,0
621,827,869,944,S3,S1,Blue,0
624,827,869,944,S3,S1,Blue,0
627,827,869,944,S3,S1,Blue,0
631,828,869,944,S3,S1,Blue,0
638,828,869,944,S3,S1,Blue,0
648,844,869,944,S3,S1,Blue,0
654,845,869,944,S3,S1,Blue,0
657,845,869,944,S3,S1,Blue,0
660,845,869,944,S3,S1,Blue,0
666,855,869,944,S3,S1,Blue,0
667,855,869,944,S3,S1,Blue,0
677,859,869,944,S3,S1,Blue,0
681,866,869,944,S3,S1,Blue,0
685,866,869,944,S3,S1,Blue,0
622,827,844,901,S3,S1,Red,0
626,827,844,901,S3,S2,Red,0
628,827,844,901,S3,S2,Red,0
629,827,844,901,S3,S2,Red,0
630,827,844,901,S3,S2,Red,0
633,828,844,901,S3,S1,Red,0
634,828,844,901,S3,S1,Red,0
637,828,844,901,S3,S1,Red,0
639,828,844,901,S3,S1,Red,0
640,828,844,901,S3,S1,Red,0
651,845,866,917,S2,S3,Red,0
663,855,866,917,S2,S3,Red,0
674,859,866,917,S2,S3,Red,0
679,859,879,930,S1,S3,Red,0
696,869,879,930,S1,S3,Red,0
553,757,827,916,S3,S1,Red,0
558,757,827,916,S3,S1,Red,0
563,759,827,916,S3,S1,Red,0
564,759,827,916,S3,S2,Red,0
566,759,827,916,S3,S2,Red,0
567,759,827,916,S3,S1,Red,0
568,759,827,916,S3,S2,Red,0
570,759,827,916,S3,S1,Red,0
573,769,827,916,S3,S2,Red,0
584,776,827,916,S3,S1,Red,0
587,776,827,916,S3,S1,Red,0
596,785,827,916,S3,S2,Red,0
601,791,827,916,S3,S1,Red,0
602,791,827,916,S3,S1,Red,0
603,791,827,916,S3,S1,Red,0
609,791,827,916,S3,S1,Red,0
614,801,827,916,S3,S1,Red,0
618,801,827,916,S3,S2,Red,0
620,801,827,916,S3,S1,Red,0
608,791,845,939,S2,S3,Red,0
623,827,845,939,S2,S3,Red,0
635,828,845,939,S2,S3,Red,0
645,844,845,939,S2,S3,Red,0
613,801,859,952,S1,S3,Red,0
617,801,859,952,S1,S3,Red,0
643,844,859,952,S1,S3,Red,0
653,845,859,952,S1,S3,Red,0
661,855,859,952,S1,S3,Red,0
669,855,859,952,S1,S3,Red,0
651,845,866,917,S2,S3,Red,0
662,855,866,917,S2,S1,Red,0
663,855,866,917,S2,S3,Red,0
674,859,866,917,S2,S3,Red,0
690,866,879,930,S1,S2,Red,0
694,869,879,930,S1,S2,Red,0
700,869,879,930,S1,S2,Red,0
684,866,901,966,S3,S2,Red,0
699,869,901,966,S3,S2,Red,0
715,898,901,966,S3,S2,Red,0
717,898,901,966,S3,S2,Red,0
582,776,855,930,S2,S1,Blue,0
586,776,855,930,S2,S3,Blue,0
588,776,855,930,S2,S3,Blue,0
658,845,855,930,S2,S1,Blue,0
659,845,855,930,S2,S3,Blue,0
606,791,869,944,S3,S2,Blue,0
616,801,869,944,S3,S2,Blue,0
619,801,869,944,S3,S2,Blue,0
632,828,869,944,S3,S2,Blue,0
636,828,869,944,S3,S2,Blue,0
642,844,869,944,S3,S2,Blue,0
647,844,869,944,S3,S2,Blue,0
672,859,869,944,S3,S2,Blue,0
686,866,869,944,S3,S2,Blue,0
687,866,869,944,S3,S2,Blue,0
664,855,898,973,S1,S2,Blue,0
665,855,898,973,S1,S2,Blue,0
691,869,898,973,S1,S2,Blue,0
705,879,898,973,S1,S2,Blue,0
679,859,879,930,S1,S3,Red,0
690,866,879,930,S1,S2,Red,0
694,869,879,930,S1,S2,Red,0
696,869,879,930,S1,S3,Red,0
700,869,879,930,S1,S2,Red,0
644,844,901,966,S3,S1,Red,0
646,844,901,966,S3,S1,Red,0
649,844,901,966,S3,S1,Red,0
656,845,901,966,S3,S1,Red,0
670,855,901,966,S3,S1,Red,0
671,859,901,966,S3,S1,Red,0
673,859,901,966,S3,S1,Red,0
678,859,901,966,S3,S1,Red,0
680,859,901,966,S3,S1,Red,0
683,866,901,966,S3,S1,Red,0
689,866,901,966,S3,S1,Red,0
703,879,901,966,S3,S1,Red,0
714,898,901,966,S3,S1,Red,0
719,898,901,966,S3,S1,Red,0
599,785,845,939,S2,S1,Red,0
604,791,845,939,S2,S1,Red,0
608,791,845,939,S2,S3,Red,0
623,827,845,939,S2,S3,Red,0
635,828,845,939,S2,S3,Red,0
641,844,845,939,S2,S1,Red,0
645,844,845,939,S2,S3,Red,0
650,844,859,952,S1,S2,Red,0
655,845,859,952,S1,S2,Red,0
606,791,869,944,S3,S2,Blue,0
610,791,869,944,S3,S1,Blue,0
611,801,869,944,S3,S1,Blue,0
616,801,869,944,S3,S2,Blue,0
619,801,869,944,S3,S2,Blue,0
621,827,869,944,S3,S1,Blue,0
624,827,869,944,S3,S1,Blue,0
627,827,869,944,S3,S1,Blue,0
631,828,869,944,S3,S1,Blue,0
632,828,869,944,S3,S2,Blue,0
636,828,869,944,S3,S2,Blue,0
638,828,869,944,S3,S1,Blue,0
642,844,869,944,S3,S2,Blue,0
647,844,869,944,S3,S2,Blue,0
648,844,869,944,S3,S1,Blue,0
654,845,869,944,S3,S1,Blue,0
657,845,869,944,S3,S1,Blue,0
660,845,869,944,S3,S1,Blue,0
666,855,869,944,S3,S1,Blue,0
667,855,869,944,S3,S1,Blue,0
672,859,869,944,S3,S2,Blue,0
677,859,869,944,S3,S1,Blue,0
681,866,869,944,S3,S1,Blue,0
685,866,869,944,S3,S1,Blue,0
686,866,869,944,S3,S2,Blue,0
687,866,869,944,S3,S2,Blue,0
652,845,898,973,S1,S3,Blue,0
668,855,898,973,S1,S3,Blue,0
675,859,898,973,S1,S3,Blue,0
682,866,898,973,S1,S3,Blue,0
688,866,898,973,S1,S3,Blue,0
692,869,898,973,S1,S3,Blue,0
693,869,898,973,S1,S3,Blue,0
701,879,898,973,S1,S3,Blue,0
709,879,898,973,S1,S3,Blue,0
695,869,930,1020,S2,S3,Blue,0
711,898,930,1020,S2,S3,Blue,0
753,917,930,1020,S2,S3,Blue,0
613,801,859,952,S1,S3,Red,0
617,801,859,952,S1,S3,Red,0
643,844,859,952,S1,S3,Red,0
650,844,859,952,S1,S2,Red,0
653,845,859,952,S1,S3,Red,0
655,845,859,952,S1,S2,Red,0
661,855,859,952,S1,S3,Red,0
669,855,859,952,S1,S3,Red,0
725,901,916,990,S3,S1,Red,0
730,901,916,990,S3,S1,Red,0
731,901,916,990,S3,S1,Red,0
732,901,916,990,S3,S1,Red,0
735,901,916,990,S3,S1,Red,0
790,930,939,1007,S2,S1,Red,0
644,844,901,966,S3,S1,Red,0
646,844,901,966,S3,S1,Red,0
649,844,901,966,S3,S1,Red,0
656,845,901,966,S3,S1,Red,0
670,855,901,966,S3,S1,Red,0
671,859,901,966,S3,S1,Red,0
673,859,901,966,S3,S1,Red,0
678,859,901,966,S3,S1,Red,0
680,859,901,966,S3,S1,Red,0
683,866,901,966,S3,S1,Red,0
684,866,901,966,S3,S2,Red,0
689,866,901,966,S3,S1,Red,0
699,869,901,966,S3,S2,Red,0
703,879,901,966,S3,S1,Red,0
714,898,901,966,S3,S1,Red,0
715,898,901,966,S3,S2,Red,0
717,898,901,966,S3,S2,Red,0
719,898,901,966,S3,S1,Red,0
698,869,917,991,S2,S3,Red,0
720,898,917,991,S2,S3,Red,0
743,916,917,991,S2,S3,Red,0
710,879,930,1009,S1,S3,Red,0
713,898,930,1009,S1,S3,Red,0
729,901,930,1009,S1,S3,Red,0
734,901,930,1009,S1,S3,Red,0
737,916,930,1009,S1,S3,Red,0
740,916,930,1009,S1,S3,Red,0
766,930,930,1009,S1,S3,Red,0
773,930,930,1009,S1,S3,Red,0
777,930,930,1009,S1,S3,Red,0
779,930,930,1009,S1,S3,Red,0
652,845,898,973,S1,S3,Blue,0
664,855,898,973,S1,S2,Blue,0
665,855,898,973,S1,S2,Blue,0
668,855,898,973,S1,S3,Blue,0
675,859,898,973,S1,S3,Blue,0
682,866,898,973,S1,S3,Blue,0
688,866,898,973,S1,S3,Blue,0
691,869,898,973,S1,S2,Blue,0
692,869,898,973,S1,S3,Blue,0
693,869,898,973,S1,S3,Blue,0
701,879,898,973,S1,S3,Blue,0
705,879,898,973,S1,S2,Blue,0
709,879,898,973,S1,S3,Blue,0
676,859,930,1020,S2,S1,Blue,0
741,916,930,1020,S2,S1,Blue,0
702,879,944,1071,S3,S1,Blue,0
712,898,944,1071,S3,S1,Blue,0
716,898,944,1071,S3,S1,Blue,0
718,898,944,1071,S3,S1,Blue,0
722,901,944,1071,S3,S1,Blue,0
727,901,944,1071,S3,S1,Blue,0
748,916,944,1071,S3,S1,Blue,0
750,916,944,1071,S3,S1,Blue,0
751,917,944,1071,S3,S1,Blue,0
754,917,944,1071,S3,S1,Blue,0
758,917,944,1071,S3,S1,Blue,0
759,917,944,1071,S3,S1,Blue,0
761,917,944,1071,S3,S1,Blue,0
762,917,944,1071,S3,S1,Blue,0
764,917,944,1071,S3,S1,Blue,0
786,930,944,1071,S3,S1,Blue,0
796,939,944,1071,S3,S1,Blue,0
801,939,944,1071,S3,S1,Blue,0
725,901,916,990,S3,S1,Red,0
730,901,916,990,S3,S1,Red,0
731,901,916,990,S3,S1,Red,0
732,901,916,990,S3,S1,Red,0
735,901,916,990,S3,S1,Red,0
757,917,939,1007,S2,S3,Red,0
765,917,939,1007,S2,S3,Red,0
770,930,939,1007,S2,S3,Red,0
789,930,939,1007,S2,S3,Red,0
793,930,939,1007,S2,S3,Red,0
795,930,952,1030,S1,S3,Red,0
810,939,952,1030,S1,S3,Red,0
814,944,952,1030,S1,S3,Red,0
823,944,952,1030,S1,S3,Red,0
698,869,917,991,S2,S3,Red,0
720,898,917,991,S2,S3,Red,0
743,916,917,991,S2,S3,Red,0
708,879,930,1009,S1,S2,Red,0
744,916,966,1032,S3,S2,Red,0
746,916,966,1032,S3,S2,Red,0
768,930,966,1032,S3,S2,Red,0
776,930,966,1032,S3,S2,Red,0
780,930,966,1032,S3,S2,Red,0
781,930,966,1032,S3,S2,Red,0
792,930,966,1032,S3,S2,Red,0
797,939,966,1032,S3,S2,Red,0
808,939,966,1032,S3,S2,Red,0
811,944,966,1032,S3,S2,Red,0
818,944,966,1032,S3,S2,Red,0
820,944,966,1032,S3,S2,Red,0
757,917,939,1007,S2,S3,Red,0
765,917,939,1007,S2,S3,Red,0
770,930,939,1007,S2,S3,Red,0
789,930,939,1007,S2,S3,Red,0
790,930,939,1007,S2,S1,Red,0
793,930,939,1007,S2,S3,Red,0
825,944,952,1030,S1,S2,Red,0
844,966,990,1064,S3,S2,Red,0
851,966,990,1064,S3,S2,Red,0
856,966,990,1064,S3,S2,Red,0
862,973,990,1064,S3,S2,Red,0
869,973,990,1064,S3,S2,Red,0
708,879,930,1009,S1,S2,Red,0
710,879,930,1009,S1,S3,Red,0
713,898,930,1009,S1,S3,Red,0
729,901,930,1009,S1,S3,Red,0
734,901,930,1009,S1,S3,Red,0
737,916,930,1009,S1,S3,Red,0
740,916,930,1009,S1,S3,Red,0
766,930,930,1009,S1,S3,Red,0
773,930,930,1009,S1,S3,Red,0
777,930,930,1009,S1,S3,Red,0
779,930,930,1009,S1,S3,Red,0
736,916,966,1032,S3,S1,Red,0
755,917,966,1032,S3,S1,Red,0
756,917,966,1032,S3,S1,Red,0
760,917,966,1032,S3,S1,Red,0
763,917,966,1032,S3,S1,Red,0
767,930,966,1032,S3,S1,Red,0
772,930,966,1032,S3,S1,Red,0
774,930,966,1032,S3,S1,Red,0
784,930,966,1032,S3,S1,Red,0
785,930,966,1032,S3,S1,Red,0
787,930,966,1032,S3,S1,Red,0
802,939,966,1032,S3,S1,Red,0
804,939,966,1032,S3,S1,Red,0
805,939,966,1032,S3,S1,Red,0
807,939,966,1032,S3,S1,Red,0
813,944,966,1032,S3,S1,Red,0
833,952,966,1032,S3,S1,Red,0
837,952,966,1032,S3,S1,Red,0
798,939,991,1069,S2,S1,Red,0
838,952,991,1069,S2,S1,Red,0
864,973,991,1069,S2,S1,Red,0
676,859,930,1020,S2,S1,Blue,0
695,869,930,1020,S2,S3,Blue,0
711,898,930,1020,S2,S3,Blue,0
741,916,930,1020,S2,S1,Blue,0
753,917,930,1020,S2,S3,Blue,0
697,869,944,1071,S3,S2,Blue,0
704,879,944,1071,S3,S2,Blue,0
706,879,944,1071,S3,S2,Blue,0
707,879,944,1071,S3,S2,Blue,0
724,901,944,1071,S3,S2,Blue,0
738,916,944,1071,S3,S2,Blue,0
739,916,944,1071,S3,S2,Blue,0
745,916,944,1071,S3,S2,Blue,0
794,930,944,1071,S3,S2,Blue,0
799,939,944,1071,S3,S2,Blue,0
806,939,944,1071,S3,S2,Blue,0
721,901,973,1114,S1,S2,Blue,0
726,901,973,1114,S1,S2,Blue,0
728,901,973,1114,S1,S2,Blue,0
733,901,973,1114,S1,S2,Blue,0
775,930,973,1114,S1,S2,Blue,0
788,930,973,1114,S1,S2,Blue,0
795,930,952,1030,S1,S3,Red,0
810,939,952,1030,S1,S3,Red,0
814,944,952,1030,S1,S3,Red,0
823,944,952,1030,S1,S3,Red,0
825,944,952,1030,S1,S2,Red,0
845,966,990,1064,S3,S1,Red,0
848,966,990,1064,S3,S1,Red,0
849,966,990,1064,S3,S1,Red,0
850,966,990,1064,S3,S1,Red,0
853,966,990,1064,S3,S1,Red,0
858,966,990,1064,S3,S1,Red,0
865,973,990,1064,S3,S1,Red,0
867,973,990,1064,S3,S1,Red,0
876,973,990,1064,S3,S1,Red,0
880,973,990,1064,S3,S1,Red,0
919,991,1007,1081,S2,S1,Red,0
736,916,966,1032,S3,S1,Red,0
744,916,966,1032,S3,S2,Red,0
746,916,966,1032,S3,S2,Red,0
755,917,966,1032,S3,S1,Red,0
756,917,966,1032,S3,S1,Red,0
760,917,966,1032,S3,S1,Red,0
763,917,966,1032,S3,S1,Red,0
767,930,966,1032,S3,S1,Red,0
768,930,966,1032,S3,S2,Red,0
772,930,966,1032,S3,S1,Red,0
774,930,966,1032,S3,S1,Red,0
776,930,966,1032,S3,S2,Red,0
780,930,966,1032,S3,S2,Red,0
781,930,966,1032,S3,S2,Red,0
784,930,966,1032,S3,S1,Red,0
785,930,966,1032,S3,S1,Red,0
787,930,966,1032,S3,S1,Red,0
792,930,966,1032,S3,S2,Red,0
797,939,966,1032,S3,S2,Red,0
802,939,966,1032,S3,S1,Red,0
804,939,966,1032,S3,S1,Red,0
805,939,966,1032,S3,S1,Red,0
807,939,966,1032,S3,S1,Red,0
808,939,966,1032,S3,S2,Red,0
811,944,966,1032,S3,S2,Red,0
813,944,966,1032,S3,S1,Red,0
818,944,966,1032,S3,S2,Red,0
820,944,966,1032,S3,S2,Red,0
833,952,966,1032,S3,S1,Red,0
837,952,966,1032,S3,S1,Red,0
800,939,991,1069,S2,S3,Red,0
836,952,991,1069,S2,S3,Red,0
840,952,991,1069,S2,S3,Red,0
842,966,991,1069,S2,S3,Red,0
854,966,991,1069,S2,S3,Red,0
866,973,991,1069,S2,S3,Red,0
883,990,991,1069,S2,S3,Red,0
828,952,1009,1087,S1,S3,Red,0
841,966,1009,1087,S1,S3,Red,0
859,966,1009,1087,S1,S3,Red,0
870,973,1009,1087,S1,S3,Red,0
878,973,1009,1087,S1,S3,Red,0
881,990,1009,1087,S1,S3,Red,0
887,990,1009,1087,S1,S3,Red,0
894,990,1009,1087,S1,S3,Red,0
914,991,1009,1087,S1,S3,Red,0
925,1007,1009,1087,S1,S3,Red,0
934,1007,1009,1087,S1,S3,Red,0
935,1007,1009,1087,S1,S3,Red,0
936,1007,1009,1087,S1,S3,Red,0
844,966,990,1064,S3,S2,Red,0
845,966,990,1064,S3,S1,Red,0
848,966,990,1064,S3,S1,Red,0
849,966,990,1064,S3,S1,Red,0
850,966,990,1064,S3,S1,Red,0
851,966,990,1064,S3,S2,Red,0
853,966,990,1064,S3,S1,Red,0
856,966,990,1064,S3,S2,Red,0
858,966,990,1064,S3,S1,Red,0
862,973,990,1064,S3,S2,Red,0
865,973,990,1064,S3,S1,Red,0
867,973,990,1064,S3,S1,Red,0
869,973,990,1064,S3,S2,Red,0
876,973,990,1064,S3,S1,Red,0
880,973,990,1064,S3,S1,Red,0
916,991,1007,1081,S2,S3,Red,0
948,1009,1030,1104,S1,S3,Red,0
964,1020,1030,1104,S1,S3,Red,0
965,1020,1030,1104,S1,S3,Red,0
798,939,991,1069,S2,S1,Red,0
800,939,991,1069,S2,S3,Red,0
836,952,991,1069,S2,S3,Red,0
838,952,991,1069,S2,S1,Red,0
840,952,991,1069,S2,S3,Red,0
842,966,991,1069,S2,S3,Red,0
854,966,991,1069,S2,S3,Red,0
864,973,991,1069,S2,S1,Red,0
866,973,991,1069,S2,S3,Red,0
883,990,991,1069,S2,S3,Red,0
861,973,1009,1087,S1,S2,Red,0
882,990,1032,1115,S3,S2,Red,0
884,990,1032,1115,S3,S2,Red,0
922,1007,1032,1115,S3,S2,Red,0
933,1007,1032,1115,S3,S2,Red,0
941,1009,1032,1115,S3,S2,Red,0
942,1009,1032,1115,S3,S2,Red,0
946,1009,1032,1115,S3,S2,Red,0
697,869,944,1071,S3,S2,Blue,0
702,879,944,1071,S3,S1,Blue,0
704,879,944,1071,S3,S2,Blue,0
706,879,944,1071,S3,S2,Blue,0
707,879,944,1071,S3,S2,Blue,0
712,898,944,1071,S3,S1,Blue,0
716,898,944,1071,S3,S1,Blue,0
718,898,944,1071,S3,S1,Blue,0
722,901,944,1071,S3,S1,Blue,0
724,901,944,1071,S3,S2,Blue,0
727,901,944,1071,S3,S1,Blue,0
738,916,944,1071,S3,S2,Blue,0
739,916,944,1071,S3,S2,Blue,0
745,916,944,1071,S3,S2,Blue,0
748,916,944,1071,S3,S1,Blue,0
750,916,944,1071,S3,S1,Blue,0
751,917,944,1071,S3,S1,Blue,0
754,917,944,1071,S3,S1,Blue,0
758,917,944,1071,S3,S1,Blue,0
759,917,944,1071,S3,S1,Blue,0
761,917,944,1071,S3,S1,Blue,0
762,917,944,1071,S3,S1,Blue,0
764,917,944,1071,S3,S1,Blue,0
786,930,944,1071,S3,S1,Blue,0
794,930,944,1071,S3,S2,Blue,0
796,939,944,1071,S3,S1,Blue,0
799,939,944,1071,S3,S2,Blue,0
801,939,944,1071,S3,S1,Blue,0
806,939,944,1071,S3,S2,Blue,0
723,901,973,1114,S1,S3,Blue,0
742,916,973,1114,S1,S3,Blue,0
747,916,973,1114,S1,S3,Blue,0
749,916,973,1114,S1,S3,Blue,0
752,917,973,1114,S1,S3,Blue,0
769,930,973,1114,S1,S3,Blue,0
771,930,973,1114,S1,S3,Blue,0
778,930,973,1114,S1,S3,Blue,0
782,930,973,1114,S1,S3,Blue,0
812,944,973,1114,S1,S3,Blue,0
815,944,973,1114,S1,S3,Blue,0
830,952,973,1114,S1,S3,Blue,0
860,966,973,1114,S1,S3,Blue,0
783,930,1020,1071,S2,S3,Blue,0
791,930,1020,1071,S2,S3,Blue,0
809,939,1020,1071,S2,S3,Blue,0
819,944,1020,1071,S2,S3,Blue,0
829,952,1020,1071,S2,S3,Blue,0
846,966,1020,1071,S2,S3,Blue,0
912,991,1020,1071,S2,S3,Blue,0
927,1007,1020,1071,S2,S3,Blue,0
937,1007,1020,1071,S2,S3,Blue,0
955,1009,1020,1071,S2,S3,Blue,0
916,991,1007,1081,S2,S3,Red,0
919,991,1007,1081,S2,S1,Red,0
960,1009,1030,1104,S1,S2,Red,0
966,1020,1030,1104,S1,S2,Red,0
981,1032,1064,1138,S3,S2,Red,0
984,1032,1064,1138,S3,S2,Red,0
828,952,1009,1087,S1,S3,Red,0
841,966,1009,1087,S1,S3,Red,0
859,966,1009,1087,S1,S3,Red,0
861,973,1009,1087,S1,S2,Red,0
870,973,1009,1087,S1,S3,Red,0
878,973,1009,1087,S1,S3,Red,0
881,990,1009,1087,S1,S3,Red,0
887,990,1009,1087,S1,S3,Red,0
894,990,1009,1087,S1,S3,Red,0
914,991,1009,1087,S1,S3,Red,0
925,1007,1009,1087,S1,S3,Red,0
934,1007,1009,1087,S1,S3,Red,0
935,1007,1009,1087,S1,S3,Red,0
936,1007,1009,1087,S1,S3,Red,0
885,990,1032,1115,S3,S1,Red,0
890,990,1032,1115,S3,S1,Red,0
892,990,1032,1115,S3,S1,Red,0
893,990,1032,1115,S3,S1,Red,0
895,990,1032,1115,S3,S1,Red,0
896,990,1032,1115,S3,S1,Red,0
899,990,1032,1115,S3,S1,Red,0
903,991,1032,1115,S3,S1,Red,0
905,991,1032,1115,S3,S1,Red,0
907,991,1032,1115,S3,S1,Red,0
909,991,1032,1115,S3,S1,Red,0
910,991,1032,1115,S3,S1,Red,0
915,991,1032,1115,S3,S1,Red,0
920,991,1032,1115,S3,S1,Red,0
923,1007,1032,1115,S3,S1,Red,0
926,1007,1032,1115,S3,S1,Red,0
929,1007,1032,1115,S3,S1,Red,0
930,1007,1032,1115,S3,S1,Red,0
931,1007,1032,1115,S3,S1,Red,0
939,1007,1032,1115,S3,S1,Red,0
940,1007,1032,1115,S3,S1,Red,0
945,1009,1032,1115,S3,S1,Red,0
947,1009,1032,1115,S3,S1,Red,0
950,1009,1032,1115,S3,S1,Red,0
954,1009,1032,1115,S3,S1,Red,0
956,1009,1032,1115,S3,S1,Red,0
957,1009,1032,1115,S3,S1,Red,0
958,1009,1032,1115,S3,S1,Red,0
962,1020,1032,1115,S3,S1,Red,0
970,1020,1032,1115,S3,S1,Red,0
938,1007,1069,1087,S2,S1,Red,0
948,1009,1030,1104,S1,S3,Red,0
960,1009,1030,1104,S1,S2,Red,0
964,1020,1030,1104,S1,S3,Red,0
965,1020,1030,1104,S1,S3,Red,0
966,1020,1030,1104,S1,S2,Red,0
982,1032,1064,1138,S3,S1,Red,0
983,1032,1064,1138,S3,S1,Red,0
721,901,973,1114,S1,S2,Blue,0
723,901,973,1114,S1,S3,Blue,0
726,901,973,1114,S1,S2,Blue,0
728,901,973,1114,S1,S2,Blue,0
733,901,973,1114,S1,S2,Blue,0
742,916,973,1114,S1,S3,Blue,0
747,916,973,1114,S1,S3,Blue,0
749,916,973,1114,S1,S3,Blue,0
752,917,973,1114,S1,S3,Blue,0
769,930,973,1114,S1,S3,Blue,0
771,930,973,1114,S1,S3,Blue,0
775,930,973,1114,S1,S2,Blue,0
778,930,973,1114,S1,S3,Blue,0
782,930,973,1114,S1,S3,Blue,0
788,930,973,1114,S1,S2,Blue,0
812,944,973,1114,S1,S3,Blue,0
815,944,973,1114,S1,S3,Blue,0
830,952,973,1114,S1,S3,Blue,0
860,966,973,1114,S1,S3,Blue,0
803,939,1020,1114,S2,S1,Blue,0
852,966,1020,1114,S2,S1,Blue,0
888,990,1020,1114,S2,S1,Blue,0
928,1007,1020,1114,S2,S1,Blue,0
952,1009,1020,1114,S2,S1,Blue,0
816,944,1071,1114,S3,S1,Blue,0
817,944,1071,1114,S3,S1,Blue,0
824,944,1071,1114,S3,S1,Blue,0
827,952,1071,1114,S3,S1,Blue,0
832,952,1071,1114,S3,S1,Blue,0
834,952,1071,1114,S3,S1,Blue,0
835,952,1071,1114,S3,S1,Blue,0
847,966,1071,1114,S3,S1,Blue,0
863,973,1071,1114,S3,S1,Blue,0
879,973,1071,1114,S3,S1,Blue,0
886,990,1071,1114,S3,S1,Blue,0
891,990,1071,1114,S3,S1,Blue,0
897,990,1071,1114,S3,S1,Blue,0
900,990,1071,1114,S3,S1,Blue,0
901,991,1071,1114,S3,S1,Blue,0
904,991,1071,1114,S3,S1,Blue,0
911,991,1071,1114,S3,S1,Blue,0
949,1009,1071,1114,S3,S1,Blue,0
951,1009,1071,1114,S3,S1,Blue,0
989,1032,1071,1114,S3,S1,Blue,0
990,1032,1071,1114,S3,S1,Blue,0
993,1064,1071,1114,S3,S1,Blue,0
995,1064,1071,1114,S3,S1,Blue,0
1003,1069,1071,1114,S3,S1,Blue,0
882,990,1032,1115,S3,S2,Red,0
884,990,1032,1115,S3,S2,Red,0
885,990,1032,1115,S3,S1,Red,0
890,990,1032,1115,S3,S1,Red,0
892,990,1032,1115,S3,S1,Red,0
893,990,1032,1115,S3,S1,Red,0
895,990,1032,1115,S3,S1,Red,0
896,990,1032,1115,S3,S1,Red,0
899,990,1032,1115,S3,S1,Red,0
903,991,1032,1115,S3,S1,Red,0
905,991,1032,1115,S3,S1,Red,0
907,991,1032,1115,S3,S1,Red,0
909,991,1032,1115,S3,S1,Red,0
910,991,1032,1115,S3,S1,Red,0
915,991,1032,1115,S3,S1,Red,0
920,991,1032,1115,S3,S1,Red,0
922,1007,1032,1115,S3,S2,Red,0
923,1007,1032,1115,S3,S1,Red,0
926,1007,1032,1115,S3,S1,Red,0
929,1007,1032,1115,S3,S1,Red,0
930,1007,1032,1115,S3,S1,Red,0
931,1007,1032,1115,S3,S1,Red,0
933,1007,1032,1115,S3,S2,Red,0
939,1007,1032,1115,S3,S1,Red,0
940,1007,1032,1115,S3,S1,Red,0
941,1009,1032,1115,S3,S2,Red,0
942,1009,1032,1115,S3,S2,Red,0
945,1009,1032,1115,S3,S1,Red,0
946,1009,1032,1115,S3,S2,Red,0
947,1009,1032,1115,S3,S1,Red,0
950,1009,1032,1115,S3,S1,Red,0
954,1009,1032,1115,S3,S1,Red,0
956,1009,1032,1115,S3,S1,Red,0
957,1009,1032,1115,S3,S1,Red,0
958,1009,1032,1115,S3,S1,Red,0
962,1020,1032,1115,S3,S1,Red,0
970,1020,1032,1115,S3,S1,Red,0
943,1009,1069,1115,S2,S3,Red,0
961,1020,1069,1115,S2,S3,Red,0
969,1020,1069,1115,S2,S3,Red,0
974,1030,1069,1115,S2,S3,Red,0
975,1030,1069,1115,S2,S3,Red,0
994,1064,1069,1115,S2,S3,Red,0
971,1030,1087,1115,S1,S3,Red,0
977,1030,1087,1115,S1,S3,Red,0
988,1032,1087,1115,S1,S3,Red,0
1002,1069,1087,1115,S1,S3,Red,0
1007,1069,1087,1115,S1,S3,Red,0
1017,1071,1087,1115,S1,S3,Red,0
1019,1071,1087,1115,S1,S3,Red,0
1034,1081,1087,1115,S1,S3,Red,0
981,1032,1064,1138,S3,S2,Red,0
982,1032,1064,1138,S3,S1,Red,0
983,1032,1064,1138,S3,S1,Red,0
984,1032,1064,1138,S3,S2,Red,0
1008,1069,1081,1138,S2,S3,Red,0
1044,1087,1104,1138,S1,S3,Red,0
